COL1;COL2;COL3;COL4;COL5;COL6;COL7;COL8;COL9;COL10;COL11;COL12
0,055987;-0,023468;10,45;19,778;10,281;-10,396;399,21;-396,69;-388,05;62,788;54,38;34,378
3,9128;-0,40923;8,2788;19,264;17,43;-9,1772;401,47;-398,93;-389,88;62,066;56,391;36,263
6,4645;-2,1406;5,5396;20,089;22,19;-10,025;404,37;-399,75;-390,77;62,003;57,552;34,35
8,2129;-4,2248;5,5203;20,234;23,886;-9,928;406,72;-403,13;-394,18;63,276;55,368;34,812
8,47;-6,1357;0,88087;20,464;23,317;-9,3068;407,29;-404,25;-396,23;63,057;51,442;35,016
11,136;-6,937;-1,7758;20,298;18,634;-9,4725;409,68;-406,21;-398,8;61,746;46,392;34,749
12,084;-10,494;-2,0461;20,884;12,47;-9,2468;410,97;-408,02;-399,82;63,724;40,868;34,867
14,789;-11,858;-4,674;21,387;6,9025;-9,5947;412,47;-410,2;-403,95;64,536;37,034;36,217
16,78;-14,84;-6,1841;21,132;3,4805;-9,2332;413,14;-412,2;-405,66;64,492;36,093;36,321
18,804;-15,795;-8,1114;21,315;0,77188;-10,504;413,71;-413,21;-408,15;65,072;39,054;37,051
19,209;-19,015;-8,8169;20,242;1,2856;-10,714;417,32;-416,73;-405,47;64,638;44,647;37,839
22,004;-20,153;-10,055;21,552;2,6718;-11,382;420,12;-418,53;-411,33;65,17;52,209;38,165
25,652;-22,619;-12,437;19,62;5,1546;-10,756;423,11;-422,65;-412,34;65,47;58,979;38,675
26,839;-26,103;-13,494;20,042;7,0522;-10,405;424,49;-424,61;-412,93;66,244;64,58;40,834
28,473;-28,733;-16,031;20,649;8,891;-9,8022;426,78;-425,49;-413,81;66,342;67,708;39,726
31,064;-29,439;-16,794;20,214;9,647;-9,6726;426,66;-427,5;-417,43;67,815;66,308;40,509
32,952;-31,437;-22,809;19,981;10,809;-8,5746;430,19;-430,15;-419,71;68,21;62,531;41,372
32,906;-33,205;-25,628;20,06;13,276;-8,6283;432,83;-431,75;-422,16;69,168;57,669;42,592
38,056;-35,552;-25,658;19,917;15,211;-8,1268;433,71;-434,63;-423,85;70,304;52,329;42,151
37,422;-38,035;-29,602;20,653;17,081;-8,4446;437,16;-435;-426,51;71,11;48,147;41,955
42,517;-40,031;-31,086;19,339;18,374;-8,1747;440,72;-437,65;-428,92;70,666;47,302;41,993
44,284;-41,636;-33,638;19,276;19,204;-7,9424;442,04;-438,52;-431,26;71,166;47,817;41,961
46,638;-42,303;-34,44;19,608;17,14;-9,4258;441,99;-440,2;-433,35;70,723;49,908;41,823
47,271;-44,333;-37,05;19,221;13,335;-9,5133;446,11;-442,75;-434,81;72,377;52,261;42,206
50,345;-46,505;-36,793;19,71;7,1101;-9,5038;447,94;-443,54;-437,3;71,146;55,148;43,348
48,664;-46,714;-40,398;20,069;1,6857;-10,12;449,53;-446,04;-438,41;72,423;56,57;43,507
53,734;-49,441;-42,141;21,462;-2,4034;-9,5187;452,86;-447,52;-441,71;73,733;58,377;44,84
53,736;-51,728;-42,327;20,684;-4,1696;-9,3758;451,31;-450,96;-443,75;74,624;60,11;46,151
54,954;-54,558;-46,198;20,835;-1,9164;-8,6152;455,32;-451,57;-441,8;75,263;62,392;47,826
57,847;-57,544;-47,918;21,888;3,5668;-9,1081;455,57;-454,55;-444,66;74,695;64,059;47,552
59,96;-58,484;-46,176;21,553;10,927;-8,9038;458,75;-456,79;-448,15;75,05;66,773;47,833
62,536;-61,959;-50,206;22,424;17,938;-8,4091;461,09;-459,51;-449,89;75,159;69,682;47,902
65,083;-64,122;-53,235;21,018;22,588;-8,2395;463,94;-462,1;-451,26;74,81;70,101;47,804
67,776;-65,431;-56,404;22,425;25,524;-8,2239;464,05;-463,43;-451,08;75,589;68,27;50,57
69,96;-68,543;-59,294;22,775;23,904;-7,4743;465,38;-466,39;-455,37;75,819;64,885;48,195
69,807;-70,256;-61,917;22,672;19,336;-7,4923;470,47;-467,72;-457,21;75,873;59,745;49,111
72,749;-71,562;-63,647;22,895;14,132;-7,167;470,74;-469,97;-460,19;75,688;54,15;48,624
75,812;-74,537;-65,016;22,32;8,5712;-7,3559;474,9;-471,97;-457,87;78,226;50,518;49,382
77,144;-74,863;-67,177;22,756;3,9192;-7,8819;475;-474,88;-465,25;78,123;49,869;51,003
81,127;-76,795;-69,191;22,868;2,693;-8,0908;475,27;-475,29;-465,54;79,489;52,375;51,545
82,005;-79,393;-71,294;22,441;2,1858;-8,1896;479,32;-476,79;-470,02;79,814;57,604;51,7
83,336;-80,056;-72,189;22,996;4,7085;-8,5441;482,36;-478,69;-471,74;79,776;65,144;51,949
84,924;-82,486;-73,576;22,495;6,5055;-9,1013;484,75;-480,63;-471,25;79,617;72,535;53,438
87,807;-85,25;-73,368;21,76;9,1987;-8,9366;487,73;-482,53;-474,98;79,963;78,538;53,437
90,2;-86,21;-75,28;21,193;10,103;-7,9177;486,9;-484,83;-476,75;80,591;81,03;54,042
90,38;-87,678;-79,288;21,347;11,753;-7,5686;489,51;-486,93;-477,12;81,894;80,212;55,185
94,004;-90,134;-80,487;21,501;12,386;-5,9124;489,88;-487,75;-480,05;82,979;76,418;55,703
94,317;-92,71;-84,362;22,776;13,953;-6,0415;492,58;-490,28;-482,7;82,965;70,971;55,977
96,448;-94,801;-86,127;23,014;16,448;-5,7976;494,42;-492,65;-483,98;84,86;66,08;56,293
98,847;-97,869;-88,666;22,237;18,721;-4,3692;494,56;-493,53;-485,61;86,153;62,367;57,243
100,51;-99,225;-88,185;22,108;20,616;-5,6832;497,72;-495,39;-486,78;85,543;60,979;56,283
100,73;-100,8;-93,21;22,109;20,423;-5,4545;499,57;-499,82;-489,1;86,51;60,938;56,754
105,66;-103,58;-93,943;21,82;19,293;-5,7565;501,75;-502,31;-491,8;86,753;63,178;56,324
105,62;-105,34;-97,039;23,639;14,771;-7,2347;503,29;-504,27;-493,9;86,916;66,338;56,667
109,06;-108,4;-99,408;23,279;9,0698;-6,9869;506,23;-506,64;-496,24;86,297;68,851;57,571
111,37;-110,98;-99,488;23,284;3,6345;-5,9993;508,58;-507,87;-498,27;87,304;70,779;58,549
114,29;-112,1;-103,3;24,53;-0,11658;-6,8481;512,21;-509,03;-501,44;87,563;72,934;61,347
115,03;-114,28;-105,22;25,271;-1,481;-5,829;515,37;-511,92;-503,42;88,53;73,93;63,08
116,99;-115,63;-106,68;24,793;0,87491;-6,2167;514,67;-513,52;-506,26;88,645;75,813;62,526
118,72;-117,88;-108,18;25,873;5,6075;-5,9311;517,76;-515,08;-507,48;89,861;79,096;62,653
121,3;-119,04;-109,98;23,794;12,726;-5,4632;520,91;-517,6;-509,78;89,255;81,187;63,101
122,84;-120,69;-111,55;25,196;20,497;-5,4252;523,57;-519,57;-511,23;89,333;83,519;63,477
126,69;-121,66;-110,09;25,155;25,632;-4,3552;524,63;-521,43;-512,32;89,147;84,066;63,264
126,01;-124,09;-115,11;24,673;27,685;-4,3369;526,91;-522,27;-511,84;89,75;82,517;64,334
130,47;-126,11;-117,69;23,845;25,876;-4,3682;527,63;-523,15;-515,49;90,217;79,074;63,318
131,11;-127,79;-116,9;24,494;21,808;-3,7736;527,46;-524,98;-517,55;91,425;73,764;63,727
131,66;-129,22;-122,98;25,036;16,556;-3,7881;530,75;-527,17;-518,66;91,259;69,038;64,174
135,94;-131,11;-124,84;25,64;11,017;-3,0277;534,48;-530,66;-520,35;93,423;64,998;65,609
134,29;-134,88;-126,95;26,542;7,5138;-3,6494;534,15;-532,25;-522,51;95,113;64,567;65,683
137,44;-137,55;-129,9;25,19;5,3281;-4,3571;536,05;-533,94;-524,61;93,999;66,715;67,026
138,56;-138,65;-131,51;24,292;5,208;-4,8845;538,08;-535,28;-527,74;94,853;72,717;67,504
142,32;-142,05;-132,79;24,934;7,1321;-5,2279;539,64;-538,57;-529,22;95,201;80,202;67,816
145,57;-143,82;-133,93;24,86;9,4398;-4,9854;543,22;-542,13;-531,11;96,218;87,616;68,999
148,66;-146,19;-136,78;23,907;11,46;-4,3781;545,77;-542,94;-534,86;97,322;93,55;69,287
149,47;-147,53;-138,18;25,945;13,754;-4,1346;545,82;-547,06;-536,76;97,839;95,626;70,109
152,19;-149,05;-138,14;25,806;15,18;-2,6518;548,97;-548,74;-539,01;98,579;95,211;70,803
153,26;-153,03;-142,6;25,592;16,19;-2,3411;551,48;-549,07;-541,16;99,857;91,575;72,231
155,05;-154,89;-143,14;26,704;17,982;-1,5132;552,36;-552,3;-542,87;100,25;86,715;72,239
158,15;-156,33;-145,05;26,072;20,465;-0,7872;554,92;-553,69;-542,57;100,53;81,305;72,768
159,94;-157,49;-146,85;27,731;22,687;-1,1045;556,98;-555,45;-547,39;101,32;77,259;72,851
163;-159,3;-146,36;26,894;23,845;-1,3687;558,74;-558,02;-548,9;101,74;76,707;72,716
163,31;-161,16;-151,96;27,017;24,669;-1,7827;561,42;-560,2;-549,43;100,96;76,532;73,099
167,09;-162,83;-153,93;26,571;22,545;-1,9312;564,84;-560,26;-548,09;102,42;79,598;73,752
167,08;-164,13;-154,6;27,842;18,336;-2,3996;568,71;-561,97;-553,68;101,75;82,437;73,986
168,23;-165,58;-158,21;28,737;13,266;-1,9858;568,16;-564,22;-555,33;103,06;84,209;74,357
172,19;-169,05;-161,16;29,265;7,8763;-1,1012;570,13;-566,62;-557,33;102,76;86,683;75,46
171,27;-170,84;-162,56;30,167;4,15;-1,1824;569,81;-566,97;-557,67;103,2;87,895;76,621
174,18;-170,98;-166,04;29,822;2,1006;-1,4452;572,47;-571,25;-561,37;105,18;89,738;78,272
176,71;-173,44;-167,78;30,883;4,8862;0,71323;574;-573,53;-564,35;105,31;91,937;78,972
177,09;-176,97;-169,76;30,26;10,082;-0,90752;577,03;-574,99;-566,67;105,27;94,944;80,274
180,37;-179,57;-171,44;30,609;17,196;-0,49716;579,39;-576,28;-569,54;106,03;97,719;80,25
182,33;-181,4;-172,76;29,151;23,972;-0,15562;580,89;-578,68;-571,09;106,64;99,951;80,404
184,86;-184,31;-171,87;29,325;29,367;0,19366;584,64;-581,69;-572,33;105,5;100,9;80,585
186,4;-185,19;-175,58;28,887;31,538;1,2298;584,99;-582,88;-574,09;106,48;99,57;80,691
189,37;-187,54;-177,65;30,76;31,187;1,3229;586,92;-586,38;-576,93;107,4;95,562;80,78
192,25;-189,7;-180,21;29,827;26,868;1,4697;589,73;-587,58;-575,2;109,06;90,612;81,105
192,25;-191,27;-181,62;29,491;20,778;1,7078;592,27;-591,31;-580,61;109,54;85,235;81,743
195,25;-193,95;-183,23;30,246;15,804;2,3461;592,25;-592,2;-581,59;110,95;81,829;82,365
197,37;-196,8;-181,45;30,421;11,702;1,5727;594,94;-593,21;-583,65;111,51;80,902;83,313
200,36;-198,03;-187,58;30,091;9,5587;1,1959;598,06;-596,15;-583,77;112,71;83,699;84,052
200,63;-198,97;-190,44;29,952;10,468;0,94592;;;;;;
204,03;-201,08;-193,1;28,72;12,584;1,3188;;;;;;
205,9;-202,41;-194,76;30,021;14,62;1,0768;;;;;;
208,32;-203,74;-195,95;30,259;17,091;2,0048;;;;;;
210,77;-206,65;-198,05;30,794;19,034;2,1262;;;;;;
208,78;-207,62;-201,38;31,473;19,942;2,7753;;;;;;
212,88;-209,68;-204,29;31,787;21,321;3,5897;;;;;;
214,43;-211,33;-205,81;33,233;22,8;4,6194;;;;;;
215,61;-213,88;-207,13;32,817;25,652;5,2122;;;;;;
219,22;-216,99;-208,9;32,992;28,27;5,3383;;;;;;
221,37;-218,42;-209,07;34,725;29,427;4,8731;;;;;;
222,94;-220,92;-211,45;33,324;30,057;4,8128;;;;;;
224,98;-224,82;-213,84;33,335;28,308;4,5027;;;;;;
227,32;-225,33;-215,76;35,139;23,979;3,944;;;;;;
228,95;-228,39;-217,75;34,584;19,305;4,8704;;;;;;
233;-229,98;-219,52;35,972;13,437;4,2199;;;;;;
234,27;-231,72;-221,96;35,952;9,332;5,1834;;;;;;
234,47;-234,02;-224,49;36,636;7,7782;5,9112;;;;;;
237,14;-236,17;-225,89;36,154;10,978;5,705;;;;;;
240,49;-238,71;-229;36,342;15,827;6,1376;;;;;;
242,49;-239,51;-230,65;36,538;23,297;6,5871;;;;;;
246,39;-241,41;-233,27;35,837;30,255;7,0354;;;;;;
246,45;-242,91;-234,29;36,51;36,232;7,2554;;;;;;
247,46;-242,71;-237,35;35,301;38,101;7,7798;;;;;;
248,48;-245,06;-237,83;35,674;37,043;8,1029;;;;;;
251,23;-248,09;-240,43;36,547;32,862;8,7729;;;;;;
254,06;-250,06;-242,32;36,927;27,11;10,353;;;;;;
254,19;-252,7;-243,57;37,352;22,661;9,0641;;;;;;
255,24;-254,17;-244,85;36,124;17,958;8,9018;;;;;;
259,67;-256,23;-246,18;37,511;16,637;9,9689;;;;;;
260,39;-257,7;-249,49;37,406;17,424;8,583;;;;;;
260,74;-261,43;-251,09;37,36;18,73;8,1611;;;;;;
267,28;-263,54;-253,77;38,661;21,072;8,3787;;;;;;
266,9;-265,62;-254,65;37,532;23,643;9,383;;;;;;
269,74;-268,4;-258,37;39,178;25,208;11,173;;;;;;
272,81;-270,5;-260,14;39,355;27,011;10,579;;;;;;
272,62;-271;-263,78;39,893;28,742;12,208;;;;;;
275,64;-273,61;-265,6;41,15;29,71;12,376;;;;;;
277,64;-274,99;-263,49;41,189;32,895;13,014;;;;;;
278,83;-277,32;-268,87;41,431;34,554;13,125;;;;;;
283,01;-279,24;-271,65;41,437;36,956;12,96;;;;;;
283,11;-281,8;-272,72;42,275;37,133;12,608;;;;;;
287,49;-282,74;-272,24;41,553;35,216;13,315;;;;;;
287,54;-282,98;-276,6;42,209;31,325;12,811;;;;;;
288,66;-285,26;-277,93;42,874;26,001;12,428;;;;;;
291,82;-287,81;-279,94;42,367;20,513;12,763;;;;;;
293,38;-289,78;-281,83;43,881;16,762;13,128;;;;;;
292,53;-291,64;-283,56;43,685;15,823;13,854;;;;;;
293,84;-295,13;-285,14;44,645;18,631;14,278;;;;;;
298,49;-296,97;-287,39;43,834;23,754;14,945;;;;;;
301,31;-299,57;-289,8;43,891;30,742;15,188;;;;;;
300,77;-301,82;-291,66;44,091;37,971;16,328;;;;;;
304,26;-302,64;-293,95;43,278;44,018;16,506;;;;;;
305,94;-306;-295,86;43,301;46,338;16,498;;;;;;
307,9;-308,29;-298,97;43,859;45,222;17,011;;;;;;
309,79;-310,14;-301,92;45,101;40,884;17,735;;;;;;
314,38;-310,99;-304,14;45,484;36,194;18,438;;;;;;
313,89;-313,32;-305,38;45,612;30,701;18,132;;;;;;
317,54;-314,58;-307,23;46,625;26,454;19,259;;;;;;
319,37;-317,84;-308,83;46,903;25,339;17,73;;;;;;
321,57;-319,58;-309,86;46,92;25,101;17,572;;;;;;
322,94;-321,57;-308,81;47,697;27,071;17,373;;;;;;
325,71;-322,15;-313,85;47,358;29,372;19,051;;;;;;
328,22;-324,9;-315,4;48,24;32,425;19,043;;;;;;
330,85;-326,4;-315,6;48,181;33,671;20,102;;;;;;
332,31;-326,88;-319,74;49,072;35,881;20,484;;;;;;
332,38;-330,01;-322,04;49,968;37,508;21,213;;;;;;
333,91;-332,05;-324,03;50,972;38,476;22,468;;;;;;
334,48;-334,31;-326,83;50,789;41,229;23,188;;;;;;
337,8;-337,66;-328,12;51,517;44,129;23,133;;;;;;
340,48;-339,36;-330,74;51,521;45,89;22,789;;;;;;
342,92;-340,48;-332,09;51,537;46,423;22,655;;;;;;
342,86;-343,11;-335,13;51,51;44,713;22,315;;;;;;
346,91;-344,96;-336,85;52,053;40,641;22,229;;;;;;
348,84;-347,59;-339,17;51,282;35,133;22,381;;;;;;
352,24;-350,33;-340,7;53,498;30,255;23,165;;;;;;
352,44;-353,35;-340,37;52,902;26,143;23,357;;;;;;
355,07;-353,17;-345,3;53,455;25,115;23,917;;;;;;
359,52;-355,17;-343,48;53,963;27,378;25,333;;;;;;
358,37;-356,7;-348,2;53,465;33,11;25,2;;;;;;
361,65;-358,01;-349,94;54,729;40,394;26,97;;;;;;
363,73;-360,34;-350,57;54,455;47,643;27,661;;;;;;
367,68;-363,71;-352,88;53,119;53,859;26,988;;;;;;
368,83;-363,84;-354,25;54,578;55,61;27,45;;;;;;
370,58;-365,7;-358,29;54,503;55,019;28,672;;;;;;
370,1;-367,99;-360,51;55,03;50,839;28,998;;;;;;
369,86;-370,14;-363,17;56,883;45,304;29,111;;;;;;
373,75;-371,87;-365,55;56,73;40,768;28,899;;;;;;
377,34;-374,3;-367,79;57,055;36,289;29,462;;;;;;
377,64;-377,77;-369,32;58,086;34,892;29,402;;;;;;
380,49;-378,95;-372,05;57,778;35,791;29,534;;;;;;
381,57;-381,78;-372,1;58,134;37,321;29,103;;;;;;
383,41;-382,22;-372,07;58,349;39,963;28,867;;;;;;
386,31;-385,51;-374,83;59,762;42,497;29,603;;;;;;
388,37;-388,01;-378,34;60,124;44,967;31,764;;;;;;
394,05;-389,76;-379,97;61,079;46,11;32,422;;;;;;
393,86;-393,05;-381,45;61,895;47,593;32,775;;;;;;
392,69;-395,13;-384,22;61,998;49,316;34,26;;;;;;
398,55;-395,83;-386,07;62,865;52,447;35,762;;;;;;
399,21;-396,69;-388,05;62,788;54,38;34,378;;;;;;
401,47;-398,93;-389,88;62,066;56,391;36,263;;;;;;
404,37;-399,75;-390,77;62,003;57,552;34,35;;;;;;
406,72;-403,13;-394,18;63,276;55,368;34,812;;;;;;
407,29;-404,25;-396,23;63,057;51,442;35,016;;;;;;
409,68;-406,21;-398,8;61,746;46,392;34,749;;;;;;
410,97;-408,02;-399,82;63,724;40,868;34,867;;;;;;
412,47;-410,2;-403,95;64,536;37,034;36,217;;;;;;
413,14;-412,2;-405,66;64,492;36,093;36,321;;;;;;
413,71;-413,21;-408,15;65,072;39,054;37,051;;;;;;
417,32;-416,73;-405,47;64,638;44,647;37,839;;;;;;
420,12;-418,53;-411,33;65,17;52,209;38,165;;;;;;
423,11;-422,65;-412,34;65,47;58,979;38,675;;;;;;
424,49;-424,61;-412,93;66,244;64,58;40,834;;;;;;
426,78;-425,49;-413,81;66,342;67,708;39,726;;;;;;
426,66;-427,5;-417,43;67,815;66,308;40,509;;;;;;
430,19;-430,15;-419,71;68,21;62,531;41,372;;;;;;
432,83;-431,75;-422,16;69,168;57,669;42,592;;;;;;
433,71;-434,63;-423,85;70,304;52,329;42,151;;;;;;
437,16;-435;-426,51;71,11;48,147;41,955;;;;;;
440,72;-437,65;-428,92;70,666;47,302;41,993;;;;;;
442,04;-438,52;-431,26;71,166;47,817;41,961;;;;;;
441,99;-440,2;-433,35;70,723;49,908;41,823;;;;;;
446,11;-442,75;-434,81;72,377;52,261;42,206;;;;;;
447,94;-443,54;-437,3;71,146;55,148;43,348;;;;;;
449,53;-446,04;-438,41;72,423;56,57;43,507;;;;;;
452,86;-447,52;-441,71;73,733;58,377;44,84;;;;;;
451,31;-450,96;-443,75;74,624;60,11;46,151;;;;;;
455,32;-451,57;-441,8;75,263;62,392;47,826;;;;;;
455,57;-454,55;-444,66;74,695;64,059;47,552;;;;;;
458,75;-456,79;-448,15;75,05;66,773;47,833;;;;;;
461,09;-459,51;-449,89;75,159;69,682;47,902;;;;;;
463,94;-462,1;-451,26;74,81;70,101;47,804;;;;;;
464,05;-463,43;-451,08;75,589;68,27;50,57;;;;;;
465,38;-466,39;-455,37;75,819;64,885;48,195;;;;;;
470,47;-467,72;-457,21;75,873;59,745;49,111;;;;;;
470,74;-469,97;-460,19;75,688;54,15;48,624;;;;;;
474,9;-471,97;-457,87;78,226;50,518;49,382;;;;;;
475;-474,88;-465,25;78,123;49,869;51,003;;;;;;
475,27;-475,29;-465,54;79,489;52,375;51,545;;;;;;
479,32;-476,79;-470,02;79,814;57,604;51,7;;;;;;
482,36;-478,69;-471,74;79,776;65,144;51,949;;;;;;
484,75;-480,63;-471,25;79,617;72,535;53,438;;;;;;
487,73;-482,53;-474,98;79,963;78,538;53,437;;;;;;
486,9;-484,83;-476,75;80,591;81,03;54,042;;;;;;
489,51;-486,93;-477,12;81,894;80,212;55,185;;;;;;
489,88;-487,75;-480,05;82,979;76,418;55,703;;;;;;
492,58;-490,28;-482,7;82,965;70,971;55,977;;;;;;
494,42;-492,65;-483,98;84,86;66,08;56,293;;;;;;
494,56;-493,53;-485,61;86,153;62,367;57,243;;;;;;
497,72;-495,39;-486,78;85,543;60,979;56,283;;;;;;
499,57;-499,82;-489,1;86,51;60,938;56,754;;;;;;
501,75;-502,31;-491,8;86,753;63,178;56,324;;;;;;
503,29;-504,27;-493,9;86,916;66,338;56,667;;;;;;
506,23;-506,64;-496,24;86,297;68,851;57,571;;;;;;
508,58;-507,87;-498,27;87,304;70,779;58,549;;;;;;
512,21;-509,03;-501,44;87,563;72,934;61,347;;;;;;
515,37;-511,92;-503,42;88,53;73,93;63,08;;;;;;
514,67;-513,52;-506,26;88,645;75,813;62,526;;;;;;
517,76;-515,08;-507,48;89,861;79,096;62,653;;;;;;
520,91;-517,6;-509,78;89,255;81,187;63,101;;;;;;
523,57;-519,57;-511,23;89,333;83,519;63,477;;;;;;
524,63;-521,43;-512,32;89,147;84,066;63,264;;;;;;
526,91;-522,27;-511,84;89,75;82,517;64,334;;;;;;
527,63;-523,15;-515,49;90,217;79,074;63,318;;;;;;
527,46;-524,98;-517,55;91,425;73,764;63,727;;;;;;
530,75;-527,17;-518,66;91,259;69,038;64,174;;;;;;
534,48;-530,66;-520,35;93,423;64,998;65,609;;;;;;
534,15;-532,25;-522,51;95,113;64,567;65,683;;;;;;
536,05;-533,94;-524,61;93,999;66,715;67,026;;;;;;
538,08;-535,28;-527,74;94,853;72,717;67,504;;;;;;
539,64;-538,57;-529,22;95,201;80,202;67,816;;;;;;
543,22;-542,13;-531,11;96,218;87,616;68,999;;;;;;
545,77;-542,94;-534,86;97,322;93,55;69,287;;;;;;
545,82;-547,06;-536,76;97,839;95,626;70,109;;;;;;
548,97;-548,74;-539,01;98,579;95,211;70,803;;;;;;
551,48;-549,07;-541,16;99,857;91,575;72,231;;;;;;
552,36;-552,3;-542,87;100,25;86,715;72,239;;;;;;
554,92;-553,69;-542,57;100,53;81,305;72,768;;;;;;
556,98;-555,45;-547,39;101,32;77,259;72,851;;;;;;
558,74;-558,02;-548,9;101,74;76,707;72,716;;;;;;
561,42;-560,2;-549,43;100,96;76,532;73,099;;;;;;
564,84;-560,26;-548,09;102,42;79,598;73,752;;;;;;
568,71;-561,97;-553,68;101,75;82,437;73,986;;;;;;
568,16;-564,22;-555,33;103,06;84,209;74,357;;;;;;
570,13;-566,62;-557,33;102,76;86,683;75,46;;;;;;
569,81;-566,97;-557,67;103,2;87,895;76,621;;;;;;
572,47;-571,25;-561,37;105,18;89,738;78,272;;;;;;
574;-573,53;-564,35;105,31;91,937;78,972;;;;;;
577,03;-574,99;-566,67;105,27;94,944;80,274;;;;;;
579,39;-576,28;-569,54;106,03;97,719;80,25;;;;;;
580,89;-578,68;-571,09;106,64;99,951;80,404;;;;;;
584,64;-581,69;-572,33;105,5;100,9;80,585;;;;;;
584,99;-582,88;-574,09;106,48;99,57;80,691;;;;;;
586,92;-586,38;-576,93;107,4;95,562;80,78;;;;;;
589,73;-587,58;-575,2;109,06;90,612;81,105;;;;;;
592,27;-591,31;-580,61;109,54;85,235;81,743;;;;;;
592,25;-592,2;-581,59;110,95;81,829;82,365;;;;;;
594,94;-593,21;-583,65;111,51;80,902;83,313;;;;;;
598,06;-596,15;-583,77;112,71;83,699;84,052;;;;;;
597,9;-596,57;-588,19;113,52;89,229;84,897;;;;;;
603,16;-598,61;-589,9;114,25;96,696;85,658;;;;;;
604;-600,97;-590,9;114,22;105,05;86,908;;;;;;
606,6;-603,12;-592,96;114,89;110,79;87,833;;;;;;
606,67;-604,79;-593,51;115,37;112,88;87,959;;;;;;
607,75;-605,95;-597,23;116,48;112,47;88,775;;;;;;
610,16;-607,4;-601,27;117,02;108,98;90,471;;;;;;
611,69;-609,11;-602,8;117,5;103,98;90,559;;;;;;
614,05;-612,99;-604,81;118,55;98,484;91,229;;;;;;
615,82;-614,85;-607,32;119,23;94,543;92,091;;;;;;
618,04;-616,75;-609,77;119,06;93,5;91,313;;;;;;
620,45;-619,49;-607,67;118,76;94,102;91,052;;;;;;
622,76;-621,19;-612,95;119,8;96,998;91,724;;;;;;
623,21;-623,27;-613,66;120,07;99,652;93,37;;;;;;
627,41;-626,45;-616,01;120,13;102,62;92,797;;;;;;
628,89;-628,35;-617,56;120,44;104,17;94,057;;;;;;
630,25;-629,74;-620,11;121,38;105,79;96,514;;;;;;
632,65;-632,27;-621,6;122,69;107,66;96,485;;;;;;
634,93;-634,21;-624,44;123,39;109,85;98,011;;;;;;
635,87;-635,38;-625,97;123,3;112,93;99,569;;;;;;
638,67;-637,21;-626,35;123,69;115,72;99,27;;;;;;
643,9;-639,86;-629,91;124,96;117,74;99,234;;;;;;
644,29;-640,94;-632,2;125,83;118,99;99,299;;;;;;
644,67;-642,76;-632,07;127,28;117,34;99,662;;;;;;
646,68;-645,59;-636,23;127,48;113,98;99,952;;;;;;
649,03;-646,59;-639,23;126,95;108,66;100,34;;;;;;
649,92;-647,18;-640,05;128,51;103,63;101,58;;;;;;
654,24;-650,2;-642,18;130,26;100,19;101,88;;;;;;
655,32;-651,2;-646,21;130,25;99,004;102,68;;;;;;
655,18;-655;-647,33;131,79;102,52;104,13;;;;;;
657,13;-656,59;-649,69;132,89;108,39;104,23;;;;;;
660,59;-660,08;-650,03;133,58;116,01;107,21;;;;;;
660,08;-660,94;-652,14;133,57;123,74;106,94;;;;;;
664,95;-662,86;-653,66;133,14;128,9;106,84;;;;;;
667,25;-664,94;-653,04;134,71;131,92;107,71;;;;;;
668,21;-666,89;-656,48;135,34;130,98;108,44;;;;;;
671,04;-671,04;-660,01;136,14;127,85;109,54;;;;;;
672,95;-672,23;-661,87;137,18;122,53;110,17;;;;;;
675,2;-674,98;-663,32;137,93;117,7;111,3;;;;;;
677,84;-676,33;-666,96;137,29;114,12;110,96;;;;;;
680,52;-676,08;-668,49;137,88;112,73;111,35;;;;;;
681,37;-678,37;-671,36;138,94;113,17;111,68;;;;;;
684,08;-680,86;-673,5;139,48;115,77;112,04;;;;;;
685,97;-682,53;-675,45;139,29;119;112,5;;;;;;
688,81;-685,72;-676,09;139,78;121,67;114,04;;;;;;
689,07;-687,35;-677,96;140,1;123,49;114,67;;;;;;
691,51;-687,66;-679,85;141;125,56;116,37;;;;;;
691,92;-690,04;-683,6;143,29;127,16;117,02;;;;;;
695,26;-691,82;-685,14;143,07;129,44;118,65;;;;;;
696,42;-694,05;-684,83;144,78;131,99;119,42;;;;;;
696,47;-697,46;-687,53;145,34;135,35;120,01;;;;;;
701,25;-700,07;-687,97;145,1;137,86;120,23;;;;;;
702,22;-701,55;-687,51;147,06;138,33;120,13;;;;;;
704,34;-703,99;-692,71;146,26;137,6;121,79;;;;;;
706,75;-705,54;-695,45;148,08;134,09;120,71;;;;;;
709,51;-707,75;-697,85;148,12;129,3;121,22;;;;;;
713,01;-709,56;-695,89;150,12;123,4;122,17;;;;;;
713,68;-711,44;-702,06;151,07;120,31;122,8;;;;;;
716,86;-714,04;-705,02;152,48;119,63;124,71;;;;;;
717,09;-716,27;-704,65;152,88;122,05;124,57;;;;;;
719,04;-717,05;-708,77;153,21;128,32;125,9;;;;;;
721,93;-719,38;-709,2;153,42;135,97;126,81;;;;;;
724,93;-720,62;-713,48;154,39;143,96;127,48;;;;;;
726,88;-721,64;-714,54;154,71;149,32;129,61;;;;;;
728,32;-725,11;-716,77;154,68;152,61;129,02;;;;;;
730,75;-725,62;-717,13;156,13;151,85;130,11;;;;;;
732,32;-728,07;-719,44;156,76;148,59;131,02;;;;;;
731,83;-730,86;-722,24;157,95;143,51;132,9;;;;;;
735,12;-732,07;-723,75;157,39;138,55;132,24;;;;;;
735,63;-734,25;-724,98;158,72;135,34;133,54;;;;;;
738,88;-735,9;-728,06;159,66;133,53;132,99;;;;;;
740,25;-739,39;-729,64;158,89;134,43;133,06;;;;;;
740,52;-741,24;-731,61;160,2;137,42;133,58;;;;;;
743,11;-743,66;-734,28;161,69;140,14;134,53;;;;;;
745,92;-745,81;-735,96;160,67;142,53;134,89;;;;;;
750,04;-747,36;-735,84;162,18;145,23;136,32;;;;;;
750,92;-748,42;-738,66;163,88;147;138,14;;;;;;
752,75;-752,61;-743,27;164,28;148,78;139,57;;;;;;
755,81;-754,01;-746,46;165,67;150,57;140,5;;;;;;
756,05;-756,79;-748,13;167,2;153,8;142,28;;;;;;
759,4;-757,03;-748,97;167,18;157;142,35;;;;;;
760,9;-759;-750,88;169,42;159,59;143,49;;;;;;
763,21;-761,3;-747,91;168,39;159,99;143,51;;;;;;
767,88;-761,07;-752,02;169,59;158,7;143,17;;;;;;
768,7;-763,85;-755,44;169,54;155,88;143,62;;;;;;
769,82;-765,36;-757,84;172,36;150,64;145,03;;;;;;
771,23;-767,45;-759,25;172,97;145,46;144,92;;;;;;
771,11;-770,13;-761,13;174,35;142,41;147,64;;;;;;
774,14;-771,7;-764,56;174,61;141,59;146,97;;;;;;
775,13;-774,6;-766,25;175,62;144,13;147,54;;;;;;
777,31;-775,35;-768,1;175,77;150,92;148,64;;;;;;
781,8;-779,51;-769,81;175,76;158,61;149,48;;;;;;
781,85;-780,8;-772,97;176,35;166,17;150,47;;;;;;
785,63;-784,91;-774,91;176,83;172,07;152,13;;;;;;
787,73;-786,5;-776,82;177,49;174,52;152,92;;;;;;
789,35;-787,56;-776,44;179,12;174,59;155,4;;;;;;
790,95;-789,7;-781;179,61;171,09;154,44;;;;;;
793,05;-791,49;-782,92;180,51;165,44;155,2;;;;;;
793,87;-793,09;-784,92;181,27;161,41;156,26;;;;;;
795,03;-795,96;-786,18;181,98;157,66;156,27;;;;;;
800,03;-798,11;-787,59;183,48;156,1;157,1;;;;;;
801,53;-798,87;-789,25;183,19;157,56;156,64;;;;;;
804,35;-801,43;-790,19;183,24;159,8;157,1;;;;;;
805,59;-802,05;-792,85;185;163,28;158,22;;;;;;
810,07;-803,21;-792,99;185,87;165,79;158,85;;;;;;
811,58;-806,58;-795,97;187,36;168,26;161,08;;;;;;
811,02;-809,13;-798,27;188,04;170,22;162,08;;;;;;
814,24;-810,09;-801,22;189,41;171,53;163,83;;;;;;
814,09;-813,36;-805,49;190,63;174,43;164,71;;;;;;
815,51;-814,06;-807,02;190,86;177,17;165,7;;;;;;
818,72;-816,77;-809,28;191,78;180,6;167,09;;;;;;
819,98;-818,93;-811,17;193,43;182,23;166,87;;;;;;
822,1;-821,12;-810,32;193,65;183,79;167,9;;;;;;
822,89;-824,21;-815,35;195;182,54;167,43;;;;;;
827,55;-826,35;-816,2;195,26;178,95;167,73;;;;;;
828,87;-828,26;-819,02;195,83;173,97;168,51;;;;;;
831,55;-830,57;-820,82;196,59;168,98;169,54;;;;;;
834,76;-831,72;-822,49;198,18;166,07;170,7;;;;;;
834,7;-833,94;-824,57;198,93;165,55;171,33;;;;;;
836,99;-835,61;-824,75;199,57;168,86;174,04;;;;;;
840,62;-836,91;-828,14;199,17;174,52;173,46;;;;;;
842,03;-840,48;-828,64;199,59;181,8;174,81;;;;;;
843,77;-841,4;-830,85;201,24;190,44;175,96;;;;;;
846,96;-841,67;-833,27;200,97;196,5;176,53;;;;;;
846,94;-843,28;-834,95;202,02;198,48;177,43;;;;;;
849,34;-846,35;-838,3;202,17;198,74;178,76;;;;;;
851;-847,32;-841,29;203,71;195,16;179,59;;;;;;
853,08;-850,82;-842,82;204,87;189,69;180,71;;;;;;
853,58;-853,34;-844,71;206,29;184,97;182,31;;;;;;
856,03;-855,76;-847,89;207,14;181,61;181,7;;;;;;
859,48;-856,22;-849,72;209,18;181,3;183,24;;;;;;
859,49;-858,58;-851,32;208,65;182,21;182,22;;;;;;
860,42;-859,96;-852,96;209,39;184,76;183,21;;;;;;
864,71;-863,86;-850,99;210,44;187,91;184,22;;;;;;
866,47;-865,92;-854,47;211,55;190,51;185,08;;;;;;
868,87;-867,89;-857,02;212,81;192,8;186,02;;;;;;
872,1;-870,67;-859,79;213,38;194,66;187,55;;;;;;
871,95;-871,19;-861,66;215,6;197,34;189,06;;;;;;
874,06;-873,88;-863,02;216,47;198,98;191,44;;;;;;
877,16;-874,71;-866,46;218,58;202,07;191,75;;;;;;
880,11;-878,13;-866,84;218,19;205,69;192,35;;;;;;
882,26;-880,11;-870,44;218,44;207,52;192,92;;;;;;
884,95;-881,89;-870,43;219,68;208,61;193,18;;;;;;
886,53;-883,37;-875,22;220,47;208,22;193,72;;;;;;
888,47;-884,35;-872,25;221,44;204,21;195,35;;;;;;
888,26;-886,42;-875,84;221,57;199,79;194,69;;;;;;
889,16;-887,81;-880,2;222,94;195,38;195,85;;;;;;
893;-889,43;-881,12;222,83;191,74;197,67;;;;;;
894,64;-893,26;-885,62;224,62;190,72;198,23;;;;;;
896,25;-894,41;-887,38;225,26;194,18;199,52;;;;;;
899,05;-897,15;-886,77;224,37;199,82;199,99;;;;;;
899,45;-898,22;-887,37;226,21;208,41;201,16;;;;;;
901,63;-900,99;-891,57;226,46;216,2;203;;;;;;
904,85;-902,26;-892,37;227,35;221,75;203,12;;;;;;
905,73;-906,33;-894,66;228,21;224,54;204,44;;;;;;
907,21;-909,23;-897,43;230,08;224,92;205,97;;;;;;
910,29;-911,33;-899,53;231,51;220,89;207,06;;;;;;
912,5;-912,86;-902,58;232,04;216,32;207,88;;;;;;
916,55;-914,63;-903,45;232,89;212,06;208,48;;;;;;
915,73;-915,51;-907,31;234,15;207,99;208,88;;;;;;
921,06;-916,95;-906,04;236,5;207,14;209,08;;;;;;
920,07;-918,02;-907,28;235,98;208,33;210,22;;;;;;
924,33;-920,02;-913,67;237,57;210,81;210,47;;;;;;
926,19;-923,01;-915,55;237,9;214,52;210,9;;;;;;
930,02;-924,99;-916,55;239,81;216,91;212,78;;;;;;
928,6;-926,75;-918,65;240,3;219,39;213,62;;;;;;
930,59;-928,63;-919,42;242,11;221,71;215,05;;;;;;
932,11;-928,99;-923,3;243,66;223,63;217;;;;;;
933,48;-931,47;-924,73;243,52;225,98;218,96;;;;;;
935,55;-933,63;-925,1;245,04;229,06;219,42;;;;;;
938,18;-937,44;-927,87;246,06;232,72;220,41;;;;;;
941,79;-938,47;-927,22;245,85;234,71;221,55;;;;;;
943,16;-942,21;-931,57;246,8;235,99;222;;;;;;
943,8;-942,37;-933,24;247,36;234,83;221,53;;;;;;
945,44;-944,53;-935,99;247,76;232,08;223,27;;;;;;
949,96;-947,09;-935,97;248,4;226,92;222,88;;;;;;
952,73;-949,39;-940,82;249,99;222,12;224,24;;;;;;
953,88;-953,29;-942,1;252,3;219,34;225,01;;;;;;
955,4;-953,43;-942,21;251,24;218,45;227,1;;;;;;
955,64;-956,37;-946,25;252,88;221,7;227,54;;;;;;
960,72;-957,41;-949,61;254,15;227,7;228,43;;;;;;
961,72;-959,2;-951,41;253,98;235,33;229,99;;;;;;
965,14;-961,02;-949,28;254,89;243,27;230,7;;;;;;
964,96;-963,21;-952,98;255,98;250,06;231,93;;;;;;
967,47;-963,71;-956,58;256,49;252,59;233,25;;;;;;
967,65;-967,01;-958,39;257,9;252,49;235,86;;;;;;
970,62;-968,8;-959,57;260,76;248,79;235,4;;;;;;
970,77;-970,05;-960,87;262,17;243,98;236,63;;;;;;
974,56;-971,01;-963,31;262,93;239,58;237,14;;;;;;
975,43;-974,23;-964,81;264,03;236,2;237,79;;;;;;
978,24;-976,72;-965,4;265,04;234,99;238,28;;;;;;
979,27;-980,29;-970,03;266,59;236,4;239,25;;;;;;
982,45;-982,7;-970,11;267,02;239,63;239,28;;;;;;
982,8;-983,45;-974,2;266,44;242,61;240,52;;;;;;
987,71;-985,32;-975,86;268,48;245,16;241,53;;;;;;
989,66;-986,57;-979,35;269,96;247,72;243,11;;;;;;
990,55;-990,42;-981,85;271,4;250,52;245,05;;;;;;
992,52;-992,48;-983,56;272,25;251,98;246,65;;;;;;
993,99;-993,44;-985,78;272,96;255,1;247,76;;;;;;
997,08;-996,04;-987,5;274,45;257,76;249,62;;;;;;
1000,4;-997,68;-989,26;274,77;261;250,53;;;;;;
1003,5;-998,6;-989,72;274,34;263,34;250,38;;;;;;
1003;-1001;-992,36;274,99;264,33;250,85;;;;;;
1005,4;-1003,1;-993,49;276,27;263,98;251,46;;;;;;
1007,7;-1004,8;-995,85;276,34;260,63;251,91;;;;;;
1010,6;-1007,2;-997,61;277,96;255,98;252,95;;;;;;
1011,2;-1009,1;-998,27;278,93;251,53;255,37;;;;;;
1012,1;-1009,7;-1000,6;279,56;248,02;255,02;;;;;;
1013,8;-1011,1;-1004,6;281,41;247,89;256,49;;;;;;
1016,7;-1013,3;-1006,6;283,04;251,26;258,07;;;;;;
1016,6;-1015,8;-1008,5;283,44;257,31;259,33;;;;;;
1020,1;-1018,3;-1011,1;284,21;265,1;260,4;;;;;;
1021,6;-1022,5;-1011,8;286,02;272,59;261,82;;;;;;
1025,7;-1023,3;-1015,2;286,99;279,62;263,05;;;;;;
1027,1;-1026;-1017,5;287,15;282,35;264,04;;;;;;
1027,9;-1027,7;-1019,5;289,55;282,38;264,68;;;;;;
1031,4;-1030,1;-1021,1;289,55;278,33;266,78;;;;;;
1032,1;-1032,1;-1023;292,6;273,89;267,09;;;;;;
1035,4;-1033,2;-1025;293,78;269,81;268,47;;;;;;
1036,4;-1036,3;-1025,8;294,86;266,3;268,97;;;;;;
1037,5;-1037,3;-1028,5;295,35;264,86;269,09;;;;;;
1040,1;-1039,2;-1029;296,91;266,75;269,6;;;;;;
1044,3;-1039,4;-1031,1;297,12;269,33;270,63;;;;;;
1045,5;-1040,9;-1033,5;298,11;272,4;271,39;;;;;;
1048,1;-1043,3;-1035;299,08;275,6;272,31;;;;;;
1049,4;-1046,2;-1036,6;298,92;277,76;275,01;;;;;;
1051,2;-1049;-1040,8;301,87;280,59;275,89;;;;;;
1052,3;-1049,8;-1042,4;301,53;282,44;277,75;;;;;;
1055,3;-1051,3;-1044,7;304,34;284,68;279,53;;;;;;
1056,9;-1053,2;-1048;304,48;288,55;280,65;;;;;;
1058,5;-1055,8;-1048,1;305,36;291,19;281,41;;;;;;
1061,5;-1058,9;-1049,9;305,29;293,95;282,03;;;;;;
1061,1;-1060,5;-1052,3;305,93;295,47;283,03;;;;;;
1064,4;-1063,1;-1054,5;306,08;294,25;283,06;;;;;;
1065,5;-1065,9;-1056,3;307,58;291,3;284,28;;;;;;
1068,6;-1067,3;-1057;308,56;286,75;284,67;;;;;;
1069,5;-1068,7;-1060,3;310,47;282,38;286,85;;;;;;
1073,9;-1071,2;-1058,5;311,29;278,89;287,04;;;;;;
1075,4;-1074,6;-1063,3;313,35;278,44;288,34;;;;;;
1076,9;-1075,9;-1065,8;315,48;281,82;289,54;;;;;;
1079,3;-1077,5;-1068,3;316,63;288,42;291,16;;;;;;
1080,8;-1079,9;-1069,2;316,36;295,75;292,3;;;;;;
1086,1;-1079,8;-1072,1;316,88;304,69;293,57;;;;;;
1085,5;-1081;-1073,2;319,31;310,43;295,79;;;;;;
1089,3;-1083,3;-1076,2;320,52;313,99;296,1;;;;;;
1090;-1085,8;-1078,8;321,53;313,25;297,67;;;;;;
1090,1;-1088,5;-1080,3;322,58;310,71;298,29;;;;;;
1092,7;-1091,3;-1084,1;325,41;305,85;299,87;;;;;;
1093,2;-1093,1;-1083,3;326,52;300,64;300,52;;;;;;
1095,6;-1094,3;-1088;326,76;297,9;301,39;;;;;;
1096,1;-1095,8;-1089;328,12;296,84;301,91;;;;;;
1099,7;-1097,7;-1091,4;329,28;298,03;302,45;;;;;;
1100,7;-1100,6;-1092,3;329,15;301,15;303,44;;;;;;
1105;-1103,3;-1093,2;330,09;304,42;304,34;;;;;;
1107,3;-1105,7;-1095,7;331,17;307,12;305,8;;;;;;
1110,8;-1108,9;-1097,1;332,31;310,24;307,7;;;;;;
1110,6;-1109,8;-1099,1;331,95;312,78;308,97;;;;;;
1113,7;-1111;-1101,8;334,39;315,06;310,75;;;;;;
1115,5;-1113,6;-1104,6;335,55;317,04;312,45;;;;;;
1116,3;-1115,7;-1106,5;336,64;320,66;313,48;;;;;;
1120,2;-1118,2;-1108,2;337,35;323,79;314,98;;;;;;
1121,4;-1118,8;-1110,3;338,41;326,19;316,27;;;;;;
1124,2;-1121,7;-1111,5;338,53;327,46;318,41;;;;;;
1124,6;-1122,6;-1114,6;340,38;326,59;316,68;;;;;;
1128,9;-1123,9;-1117,1;341,26;324,19;318,18;;;;;;
1129,9;-1126,1;-1119,1;341,58;319,7;318,47;;;;;;
1131,5;-1128,2;-1115;344,25;315,08;319,67;;;;;;
1132,2;-1131,1;-1123,7;345,88;311,47;323,55;;;;;;
1132,5;-1131,9;-1124,8;347,31;311,51;322,09;;;;;;
1135,1;-1134,3;-1127;348,33;314,59;323,51;;;;;;
1136,8;-1137,4;-1127,9;349,96;321,32;324,69;;;;;;
1139,8;-1139,2;-1128,9;352,32;329,18;326,46;;;;;;
1141,3;-1141,7;-1129,1;352,6;337,62;327,12;;;;;;
1143,7;-1144,2;-1131,8;352,95;343,71;328,88;;;;;;
1146,6;-1146,5;-1134,3;355,3;346,75;329,82;;;;;;
1148,7;-1149;-1138,1;355,07;346,75;331,85;;;;;;
1150,4;-1150,4;-1140,5;356,67;343,2;332,95;;;;;;
1153,6;-1152,7;-1142,8;358,27;338,77;334,18;;;;;;
1154,8;-1153,3;-1145;360,33;334,06;335,08;;;;;;
1157;-1155,2;-1143,1;360,13;331,45;336,39;;;;;;
1159;-1156,5;-1148,7;362,09;330,85;336,04;;;;;;
1162,3;-1158,4;-1151,6;363,18;331,45;336,91;;;;;;
1164,7;-1161,3;-1152,1;363,3;334,73;337,5;;;;;;
1167;-1162,2;-1155,3;363,05;337,88;339;;;;;;
1170,4;-1164;-1156,6;364,74;341;340,41;;;;;;
1168,8;-1166,2;-1157,8;366,08;343,95;341,6;;;;;;
1168,3;-1168,2;-1160,3;367,3;346,47;344,21;;;;;;
1172,7;-1168,9;-1162,5;368,45;348,65;345,45;;;;;;
1174,8;-1172,6;-1164,1;369,85;351,05;347,21;;;;;;
1173,9;-1174,8;-1165,8;371,31;354,69;348,5;;;;;;
1178;-1176,2;-1166,7;371,93;358,2;349,51;;;;;;
1180,9;-1179,1;-1169,7;372,81;361,14;350,63;;;;;;
1181;-1179,9;-1171,4;374,39;361,77;351,11;;;;;;
1183,6;-1182,5;-1173,9;375,54;361,14;351,91;;;;;;
1186,6;-1184,9;-1174;377,75;357,96;353,09;;;;;;
1188,2;-1188,2;-1176,9;378,91;354,41;353,65;;;;;;
1190,3;-1190,7;-1179,5;380,08;349,47;354,68;;;;;;
1191,7;-1191,5;-1182,7;382,08;346,69;356,43;;;;;;
1196;-1193,7;-1186,2;384,37;346,12;357,4;;;;;;
1197,5;-1195,5;-1188,4;384,78;349,17;359,38;;;;;;
1199,8;-1196,9;-1189,4;386,43;355,79;360,17;;;;;;
1201,5;-1199,6;-1191,3;387,23;364,18;362,55;;;;;;
1206,4;-1201,5;-1192,7;387,94;372,22;362,96;;;;;;
1208;-1202,5;-1194,2;388,79;378,22;364,67;;;;;;
1207,2;-1204,8;-1192,9;390,11;381,37;365,96;;;;;;
1209;-1205,6;-1198;391,35;382,11;367,83;;;;;;
1210,3;-1207,4;-1199,7;393,98;378,84;368,6;;;;;;
1211,6;-1208,6;-1200,7;394,13;374,03;369,85;;;;;;
1213,8;-1212,3;-1203,2;395,33;370,09;372,07;;;;;;
1218,1;-1214,7;-1204,9;396,93;366,8;372,41;;;;;;
1218;-1216,8;-1208,1;396,41;365,73;372,35;;;;;;
1220,9;-1218,9;-1210,2;397,79;367,72;374,57;;;;;;
1221,1;-1222;-1212,5;398,99;370,4;374,43;;;;;;
1225,2;-1223,2;-1213,4;399,55;373,54;375,24;;;;;;
1225,5;-1225,4;-1216,4;400,21;376,97;377,18;;;;;;
1226,8;-1227;-1217,8;402,37;379,36;378,37;;;;;;
1231,2;-1230,9;-1220,8;403,79;382,54;380,1;;;;;;
1231,1;-1233,3;-1223,8;404,5;384,05;382,28;;;;;;
1234;-1233,7;-1224,6;405,98;387,12;383,99;;;;;;
1236,3;-1234,7;-1227,4;408,61;390,76;385,94;;;;;;
1239,9;-1236,5;-1227,9;409,43;393,59;388,02;;;;;;
1242,6;-1237,7;-1230,1;411,44;397,04;387,96;;;;;;
1245,9;-1240,2;-1231,9;411,32;397,78;388,24;;;;;;
1245,2;-1243,4;-1233,3;412,25;397,24;389,14;;;;;;
1248,1;-1245;-1235,8;414,03;394,54;389,46;;;;;;
1250,9;-1246,6;-1236,4;416,32;390,52;390,56;;;;;;
1251;-1247,1;-1239,5;417,47;385,75;392,12;;;;;;
1255,4;-1249,6;-1241,2;419,42;382,73;393,55;;;;;;
1254,1;-1252;-1244,4;422,15;382,09;394,89;;;;;;
1257,7;-1254,5;-1244,9;422,1;386,29;397,12;;;;;;
1256,2;-1256,4;-1249,4;422,88;391,88;398;;;;;;
1259,1;-1258,7;-1249,6;423,77;400,46;399,19;;;;;;
1261,7;-1261,9;-1252,8;425,11;409,06;400,43;;;;;;
1266;-1264,2;-1253,1;425,91;415,49;402,98;;;;;;
1266;-1266,1;-1256,8;426,3;418,62;404,07;;;;;;
1269,6;-1267;-1259,1;428,02;418,61;404,86;;;;;;
1271,8;-1269,7;-1260,2;429,4;415,26;406,32;;;;;;
1273,5;-1271,8;-1262,5;431,07;411,35;408,29;;;;;;
1276;-1274,2;-1264,7;432,06;406,4;409,83;;;;;;
1278,2;-1276,5;-1263,4;432,98;403,76;410,3;;;;;;
1278,5;-1277;-1266,6;433,92;402,62;410,45;;;;;;
1280,4;-1279,5;-1270,1;435,35;404,96;411,33;;;;;;
1283,5;-1280,7;-1270,2;435,49;407,65;412,45;;;;;;
1284,4;-1281,7;-1273,4;436,25;410,72;413,45;;;;;;
1288,3;-1283,7;-1271,9;438,74;413,87;416,02;;;;;;
1289;-1286,8;-1278;439,98;417,47;416,64;;;;;;
1293,1;-1289,4;-1281;442,36;419,12;418,74;;;;;;
1292,7;-1289,4;-1281,8;443,96;422,43;420,68;;;;;;
1292,3;-1292,5;-1286;446,05;425,06;422,85;;;;;;
1294,7;-1293,6;-1287,2;445,27;428,33;423,99;;;;;;
1297,4;-1297,4;-1289,6;448,82;431,62;425,1;;;;;;
1302,1;-1299,2;-1291,6;448,95;434,4;427,16;;;;;;
1300,4;-1301,8;-1292,5;450,23;436,06;427,08;;;;;;
1303,3;-1303,9;-1293,7;451,04;435,66;427,46;;;;;;
1307,2;-1305,4;-1296,4;453,48;433,05;428,81;;;;;;
1309,3;-1307,1;-1298,2;454,5;428,71;430,17;;;;;;
1310,7;-1310,3;-1298,7;456,63;423,58;432,42;;;;;;
1314,3;-1311,7;-1301,6;458,12;420,48;432,57;;;;;;
1314;-1314,5;-1304,2;459,01;420,86;433,92;;;;;;
1318,1;-1316,4;-1306,3;460,84;424,45;435,68;;;;;;
1319,6;-1318,3;-1308;461,53;430,37;437,23;;;;;;
1321,9;-1320;-1309,8;462,96;438,66;439,01;;;;;;
1324,3;-1319,5;-1312,3;463,16;447,38;440,58;;;;;;
1325,9;-1321,9;-1314,3;464,22;454,2;441,36;;;;;;
1327,8;-1323,1;-1311,7;465,17;457,09;443,2;;;;;;
1329,7;-1326,9;-1317,5;466,85;457,45;444,9;;;;;;
1331,2;-1328,1;-1321,8;468,13;454,25;446,58;;;;;;
1332,3;-1330;-1321,8;469,64;449,95;447,99;;;;;;
1334,3;-1331,9;-1323,9;471,37;445,41;449,31;;;;;;
1335,8;-1334,1;-1326,2;472,64;442,84;449,51;;;;;;
1336,8;-1336,8;-1327,6;473,33;442,44;450,5;;;;;;
1340,9;-1339,6;-1330,1;474,23;443,95;451,2;;;;;;
1342,1;-1341,6;-1330,4;475,65;446,89;453,3;;;;;;
1341,6;-1344,2;-1333,3;476,84;449,93;453,69;;;;;;
1348,1;-1346,3;-1334,3;479,31;453,4;454,77;;;;;;
1350,7;-1347,3;-1334,7;480,88;456,31;457,02;;;;;;
1350,9;-1348,5;-1339,8;482,92;458,41;459,38;;;;;;
1350,3;-1352,3;-1342;484,17;461,5;460,9;;;;;;
1353,9;-1353,1;-1344,2;486,1;464,41;462,89;;;;;;
1356,2;-1356,8;-1347;487,76;467,46;464,55;;;;;;
1359,3;-1357,9;-1348,7;488,58;471,12;465,9;;;;;;
1361,7;-1359,4;-1351,3;489,34;474,61;466,59;;;;;;
1365,9;-1361,4;-1353;491,92;475,51;467,29;;;;;;
1364,5;-1362,9;-1354;492,77;475,09;468,47;;;;;;
1367,7;-1363,7;-1357,7;493,37;472,19;469;;;;;;
1367,5;-1366;-1359,5;494,98;467,97;471,23;;;;;;
1371,9;-1369;-1361,4;497,33;463,26;471,69;;;;;;
1373,9;-1370,5;-1362,7;498,65;460,86;473,41;;;;;;
1373,2;-1371,5;-1364,9;499,39;460,81;475,25;;;;;;
1374,8;-1374,7;-1366,8;500,67;464,28;476,36;;;;;;
1375,8;-1377;-1367,3;501,36;470,34;477,89;;;;;;
1380,5;-1378,9;-1369,6;502,9;479,06;479,94;;;;;;
1383,7;-1381,4;-1370,5;502,94;487,65;481,83;;;;;;
1383,8;-1384,3;-1370,6;504,62;493,69;483,19;;;;;;
1387,1;-1386,1;-1375,7;505,43;498,07;484,79;;;;;;
1388,7;-1389,3;-1378,4;506,93;497,8;485,78;;;;;;
1391,7;-1391;-1379,6;509,14;494,35;487,33;;;;;;
1394;-1392;-1382,8;510,18;490,36;488,85;;;;;;
1393,7;-1393,7;-1385,5;512,76;485,85;490;;;;;;
1398,6;-1395,5;-1387,8;513,9;483,33;492,05;;;;;;
1398,1;-1397,6;-1389,8;515,5;483,08;492,11;;;;;;
1401,5;-1400,4;-1391,4;517,01;483,99;494,91;;;;;;
1405,9;-1401,7;-1393,8;517,96;487,63;493,94;;;;;;
1405,9;-1403,2;-1392,4;519,6;491,16;495,27;;;;;;
1405,8;-1402,9;-1396,7;520,65;494,13;496,6;;;;;;
1409,5;-1406,1;-1397,5;522,6;497,68;498,98;;;;;;
1412,1;-1408,6;-1400,6;524,42;499,63;500,63;;;;;;
1411,6;-1410,3;-1401,4;527,58;502,85;503,33;;;;;;
1414,8;-1412,8;-1404,3;527,9;505,33;504,76;;;;;;
1413,3;-1414,8;-1403,6;529,71;508,78;507,24;;;;;;
1418,8;-1417,2;-1407,3;530,61;512,83;507,81;;;;;;
1421,6;-1419;-1409,5;530,88;515,54;508,91;;;;;;
1422,2;-1420,8;-1411,7;533,14;516,8;510,99;;;;;;
1423,7;-1423,5;-1414,3;535,31;516,88;510,47;;;;;;
1425,6;-1425,8;-1415;535,42;513,88;511,7;;;;;;
1428,6;-1428,4;-1418,8;536,45;509,68;512,8;;;;;;
1430,4;-1430,5;-1421,5;537,94;505,21;515,12;;;;;;
1434;-1432,4;-1423,9;539,86;502,43;516,23;;;;;;
1434,8;-1433,3;-1425,3;541,48;502,66;517,66;;;;;;
1436,8;-1434,9;-1428;542,46;506,56;519,89;;;;;;
1439,9;-1437,6;-1428,6;543,96;512,69;521,15;;;;;;
1441,3;-1439,6;-1428,4;544,62;521,26;522,59;;;;;;
1446;-1440,4;-1431,8;546,86;529,79;524,09;;;;;;
1446,9;-1443;-1434;546,34;536,26;526,19;;;;;;
1448,9;-1444,1;-1435,4;548,41;540,22;528,51;;;;;;
1448,6;-1444,6;-1437,5;550,34;539,34;528,97;;;;;;
1450,7;-1446,5;-1438,1;551,44;536,61;530,82;;;;;;
1452,1;-1449,2;-1440,3;553,63;532,6;532,13;;;;;;
1453,1;-1452,2;-1442,8;556,25;528,89;535,35;;;;;;
1453,2;-1454,4;-1446,6;557,72;525,56;534,83;;;;;;
1458,9;-1458,1;-1448,6;558,47;525,78;535,27;;;;;;
1459,4;-1459,9;-1450,3;560,32;527,38;538,61;;;;;;
1460,9;-1461,2;-1453,4;562,74;529,62;537,4;;;;;;
1463;-1462,6;-1454,2;564,27;533,29;538,86;;;;;;
1465,8;-1466,4;-1453,2;565,28;537,24;540,48;;;;;;
1471,7;-1468,3;-1458,3;566,18;540,76;543,17;;;;;;
1471,7;-1469,4;-1461,8;568,43;543,15;544,72;;;;;;
1472,6;-1472,5;-1462,2;570,68;545,15;546,75;;;;;;
1474,8;-1473,8;-1465,4;572,77;548,64;549,13;;;;;;
1475,5;-1475,1;-1467,2;573,75;552,06;550,94;;;;;;
1480,2;-1477,8;-1467,6;574,68;556,22;551,97;;;;;;
1483;-1479;-1470;575,75;558,72;552,86;;;;;;
1483,6;-1480,8;-1471;577,43;560,38;554,16;;;;;;
1486,8;-1482,6;-1473,3;577,43;560,41;555,6;;;;;;
1487,7;-1484,6;-1473,4;578,98;557,21;555,93;;;;;;
1488,9;-1485,9;-1476,7;580,37;552,96;557,07;;;;;;
1491,8;-1486,8;-1480,1;581,99;548,84;558,61;;;;;;
1491,4;-1489,7;-1481,6;583,67;546,59;560,53;;;;;;
1491,7;-1491,2;-1484,1;585,34;545,82;562,07;;;;;;
1495,4;-1494,5;-1485,8;586,75;549,61;564,66;;;;;;
1497,6;-1498;-1489,9;587,58;556,51;565,48;;;;;;
1498,1;-1499,2;-1490,9;588,6;565,3;567,2;;;;;;
1503;-1501,9;-1493,5;590,63;573,72;569,56;;;;;;
1504;-1502,6;-1495,1;591,53;580,48;570,38;;;;;;
1506,4;-1505,9;-1496,6;594,18;584,25;572,79;;;;;;
1509;-1507,3;-1499,1;595,99;584,35;575;;;;;;
1511,5;-1510,7;-1501,1;597,33;581,1;575,6;;;;;;
1512;-1512,4;-1502,3;600,22;576,99;577,28;;;;;;
1514,1;-1514,9;-1503,2;601,92;572,73;578,53;;;;;;
1515,6;-1514,8;-1505,7;602,98;570,45;579,65;;;;;;
1520,6;-1516,9;-1507,9;604,9;569,85;580,66;;;;;;
1519,8;-1518,8;-1507,8;606,29;571,41;582,51;;;;;;
1524;-1520,9;-1510,7;606,96;574,04;585,05;;;;;;
1527,1;-1521,8;-1513,1;608,8;578,29;584;;;;;;
1529,4;-1524;-1515,8;609,88;581,55;586,04;;;;;;
1530,8;-1526,1;-1517,7;612,45;584,53;587,92;;;;;;
1531;-1527,1;-1520,7;612,5;587,65;590,1;;;;;;
1532,1;-1529,8;-1521,5;615,4;590,57;592,87;;;;;;
1531,8;-1532,5;-1525,9;617,03;592,88;594,65;;;;;;
1536,5;-1534,3;-1527,3;617,67;597,18;596,44;;;;;;
1538,2;-1536,2;-1529,7;618,72;600,51;598,11;;;;;;
1540,2;-1539;-1530,8;620,85;603,4;598,68;;;;;;
1541,1;-1542;-1531,7;622,07;605,17;599,66;;;;;;
1544,5;-1542,6;-1533,1;622,48;604,82;601,13;;;;;;
1548,6;-1545,8;-1535,3;624,22;602,63;602;;;;;;
1548;-1547,5;-1537,1;625,72;598,18;603,36;;;;;;
1551,4;-1549,5;-1539;627,58;593,99;604,85;;;;;;
1552,8;-1553,1;-1541,9;628,9;591,77;607,06;;;;;;
1555;-1555,2;-1543,4;630,35;591,47;608,96;;;;;;
1556,3;-1556,3;-1546;632,65;594,83;610,52;;;;;;
1557,8;-1556,5;-1548,3;633,75;602,26;613,21;;;;;;
1562,8;-1558;-1550,7;635,45;610,13;613,57;;;;;;
1564,3;-1559,8;-1551,9;637,72;619,62;615,32;;;;;;
1565,5;-1561,6;-1554,6;638,67;625,79;616,95;;;;;;
1570;-1565,2;-1556,6;640,36;629,34;618,87;;;;;;
1568,1;-1565,9;-1559,3;641,35;630,1;620,92;;;;;;
1572,3;-1568,6;-1561,9;644,24;626,96;622,31;;;;;;
1572,7;-1569,6;-1563,5;646,93;622,52;624,53;;;;;;
1573,7;-1572,3;-1565,3;648,11;618,84;625,86;;;;;;
1575,3;-1573,3;-1564,9;650,36;616,03;626,82;;;;;;
1578,7;-1576,3;-1568,3;651,69;615,75;627,93;;;;;;
1580,7;-1579,6;-1570,3;653,39;617,7;628,67;;;;;;
1582,2;-1582,7;-1571,5;653,64;620,48;630,47;;;;;;
1584,9;-1584,9;-1573,4;654,74;624,32;632,08;;;;;;
1586,4;-1585,6;-1573;656,88;628,24;633,25;;;;;;
1588,9;-1588,1;-1577,1;657,48;631,03;635,55;;;;;;
1592,2;-1590,2;-1579,2;659,95;633,94;637,92;;;;;;
1592,2;-1591,6;-1582,6;661,84;636,44;640,45;;;;;;
1595,5;-1594,3;-1584,8;663,58;639,85;642,5;;;;;;
1597,9;-1595,5;-1587,1;665,42;643,82;644,36;;;;;;
1600,1;-1596,9;-1589,5;666,71;647,58;645,31;;;;;;
1603,3;-1599,2;-1591,5;667,68;650,85;646,51;;;;;;
1602,4;-1599,6;-1593,2;668,36;652,35;647,43;;;;;;
1607,1;-1601,6;-1595,8;669,78;651,97;648,77;;;;;;
1607,7;-1603,7;-1597,2;672,16;649,33;650,32;;;;;;
1608,5;-1605,5;-1599,3;674,07;645,5;651,32;;;;;;
1611,1;-1607,6;-1600,2;675,84;641,13;653,11;;;;;;
1613,4;-1609,6;-1601,5;676,57;638,5;654,94;;;;;;
1614,3;-1611,3;-1604,5;678,94;639,25;656,75;;;;;;
1617,3;-1614,1;-1605,9;679,68;642,29;658,44;;;;;;
1617,4;-1616,2;-1608,3;682,81;649,86;661,81;;;;;;
1621,8;-1619;-1609;684,18;657,98;661,98;;;;;;
1622,5;-1621,1;-1610,7;685,34;666,79;664,17;;;;;;
1624,2;-1624,1;-1612,3;686;673,39;666,34;;;;;;
1628,1;-1627,3;-1615,9;689,89;677,24;667,21;;;;;;
1630,1;-1627,7;-1618,6;691,64;677,3;669,26;;;;;;
1630,9;-1629,7;-1619,9;693,36;674,7;671,05;;;;;;
1633,3;-1631,6;-1623,2;695,72;670,67;672,56;;;;;;
1636;-1633,4;-1625,8;696,91;666,24;674,07;;;;;;
1638,4;-1635,6;-1627,1;698,99;664,5;675,36;;;;;;
1640,4;-1637,4;-1630;700,44;664,1;676,42;;;;;;
1642,7;-1639,3;-1631,7;702;665,86;678,1;;;;;;
1643;-1641;-1633,5;702,43;668,62;678,7;;;;;;
1646,8;-1641,9;-1634,7;703,96;672,3;680,74;;;;;;
1648,2;-1643,3;-1636,4;704,9;676,19;682,81;;;;;;
1649,7;-1645,3;-1638;706,94;679,99;684,46;;;;;;
1652;-1649,2;-1640,2;708,46;682,09;686,65;;;;;;
1650,9;-1651,2;-1642,4;710,52;685,05;689,25;;;;;;
1654,4;-1653,4;-1643,8;711,59;688;691,3;;;;;;
1655,5;-1654,7;-1645,3;713,45;691,67;693,34;;;;;;
1657,8;-1655,7;-1646,6;714,43;695,66;694,8;;;;;;
1659,8;-1657,8;-1648,6;717,85;699,46;695,92;;;;;;
1663,4;-1660,8;-1652,5;717,17;700,99;697,52;;;;;;
1663,6;-1664,4;-1653,5;718,67;700,35;698,33;;;;;;
1665,4;-1665,7;-1656,2;720,86;697,78;699,99;;;;;;
1666,5;-1668,5;-1656,4;723,34;694,26;700,98;;;;;;
1671,4;-1670,5;-1661,3;726,52;690,36;702,66;;;;;;
1672,5;-1671,8;-1662,8;727,33;687,21;704,74;;;;;;
1674,8;-1673,3;-1663,8;729,42;688,43;706,57;;;;;;
1679,4;-1676,1;-1667,9;730,96;691,63;708,98;;;;;;
1679,8;-1676,8;-1669,1;733,74;698,59;710,11;;;;;;
1683,7;-1679,3;-1669,2;734,34;707,59;712,05;;;;;;
1683,7;-1680,7;-1671,7;736,22;715,66;714,22;;;;;;
1686,4;-1682,9;-1672,5;738,39;722,88;716,13;;;;;;
1689;-1684,3;-1675,7;739,54;726,64;718,18;;;;;;
1689,7;-1685;-1677,6;740,95;726,83;719,67;;;;;;
1692,4;-1686,9;-1680,2;744,12;723,83;721,54;;;;;;
1692,2;-1689,5;-1681;745,99;720,02;723,02;;;;;;
1694,8;-1693,2;-1684,3;746,98;716,52;724,57;;;;;;
1698,9;-1694,2;-1686,6;748,21;713,76;726,77;;;;;;
1697,8;-1696,7;-1689,1;750,08;713;727,03;;;;;;
1698,7;-1698,3;-1691,1;750,57;715,5;728,95;;;;;;
1703;-1700,6;-1693,3;751,14;718,67;729,45;;;;;;
1702,9;-1703,3;-1695;753,44;722,97;731,11;;;;;;
1707,4;-1706,2;-1696,5;755,14;725,92;733,36;;;;;;
1711;-1707,6;-1698,9;756,38;729,94;735,55;;;;;;
1711,7;-1710,1;-1700,7;758,78;732,96;737,86;;;;;;
1713,4;-1710,9;-1701,7;761,63;735,11;740,15;;;;;;
1715,9;-1712,7;-1705,2;763,12;738,93;743,31;;;;;;
1719,2;-1715,3;-1707;764,3;742,19;745,16;;;;;;
1719,3;-1716,8;-1706,7;766,02;746,27;746,05;;;;;;
1721,8;-1718,5;-1708,8;767,45;750,1;747,55;;;;;;
1724,9;-1721,7;-1710,3;769,05;751,87;748,53;;;;;;
1727;-1723,5;-1710,2;771,24;751,09;749,72;;;;;;
1727,4;-1724,7;-1714,6;772,64;748,89;750,95;;;;;;
1730,2;-1725,1;-1717,4;774,9;744,77;752,86;;;;;;
1732,1;-1726,9;-1720;776,65;740,46;755,6;;;;;;
1732,9;-1729,3;-1722,7;780,03;738,28;756,08;;;;;;
1734,4;-1733;-1723,6;781,63;738,38;758,58;;;;;;
1736,1;-1734,8;-1727,5;783,63;742,48;760,07;;;;;;
1737,4;-1736,9;-1729,1;784,99;749,08;762,17;;;;;;
1739,7;-1738,6;-1731;785,93;758,39;764,39;;;;;;
1742,8;-1741,5;-1733,3;787,07;766,71;765,83;;;;;;
1744,2;-1743,6;-1733,4;789,64;773,48;768,35;;;;;;
1749,2;-1745,5;-1736;791,21;777,94;770,27;;;;;;
1749,4;-1747,7;-1738,5;792,58;777,92;771,7;;;;;;
1752,1;-1751,4;-1740;794,75;775,72;773,5;;;;;;
1753,1;-1751,6;-1741,5;795,56;771,3;775,31;;;;;;
1753,8;-1753,8;-1744,2;797,88;767,91;777,04;;;;;;
1757,1;-1756,1;-1742,9;799,77;765,68;778,48;;;;;;
1760,4;-1755,8;-1748,2;802,35;764,6;779,78;;;;;;
1763,2;-1758,7;-1747,9;802,32;766,95;780,79;;;;;;
1765,1;-1761,1;-1751,9;804,93;770,76;782,17;;;;;;
1766,2;-1762,8;-1753,8;806,01;774,33;783,93;;;;;;
1767,9;-1765,6;-1756,5;806,69;778,48;785,94;;;;;;
1769,1;-1765,8;-1758,2;809,07;781,09;788,89;;;;;;
1770,8;-1768,1;-1761,7;811,22;784,31;790,48;;;;;;
1771,8;-1769,3;-1763,9;813,89;786,83;793;;;;;;
1774,4;-1771,8;-1766,4;815,8;790,9;795,46;;;;;;
1774,5;-1774,9;-1768,1;817,37;794,25;797,26;;;;;;
1778,3;-1777;-1769,5;818,67;798,9;800,52;;;;;;
1779,3;-1779,8;-1770,9;821,5;802,03;800,81;;;;;;
1783,5;-1781,5;-1772,1;822,01;803,74;802,27;;;;;;
1784,7;-1783,1;-1773,9;824,42;803,73;803;;;;;;
1786,9;-1785,9;-1773,1;826,64;800,83;804,33;;;;;;
1789,2;-1787,5;-1777,2;828,63;797,67;806,03;;;;;;
1793,6;-1789,6;-1779,2;830,23;793,6;807,58;;;;;;
1795,7;-1793,3;-1780,4;833,65;791,24;810,06;;;;;;
1797;-1794,1;-1783;835,02;791,02;811,65;;;;;;
1797,2;-1795,4;-1786,4;837,23;795,65;815,21;;;;;;
1800,7;-1797,6;-1789;838,49;802,04;815,63;;;;;;
1800,5;-1798,4;-1790,9;840,17;810,95;817,61;;;;;;
1805;-1800,4;-1791,2;840,92;820,19;819,51;;;;;;
1805,9;-1801,7;-1795,1;843,32;826,86;821,67;;;;;;
1808,3;-1805;-1795,7;843,59;830,2;823,61;;;;;;
1810;-1806,1;-1799,9;845,97;830,83;825,53;;;;;;
1811,4;-1808;-1800,1;848,5;829,02;827,87;;;;;;
1812,4;-1810,5;-1803,7;849,7;824,41;829,34;;;;;;
1815,4;-1811,1;-1805,2;852,35;820,53;831,06;;;;;;
1817,3;-1813,3;-1807;855,02;818,69;832,42;;;;;;
1818,2;-1817,5;-1806,9;854,85;818,6;835,23;;;;;;
1819;-1819,1;-1810,1;855,99;820,47;835,06;;;;;;
1821,8;-1821,2;-1812;858,65;823,88;836,41;;;;;;
1825;-1823,6;-1813,4;859,57;827,9;838,36;;;;;;
1827;-1825,8;-1813,9;861,35;831,71;840,25;;;;;;
1830,6;-1827,1;-1817,6;862,83;835,58;842,78;;;;;;
1829,1;-1829,4;-1817,3;866,01;838,03;845,17;;;;;;
1832,9;-1833;-1822,7;868,09;840,99;848,26;;;;;;
1834,1;-1833,5;-1825,6;870,09;844,1;851,14;;;;;;
1837;-1836,4;-1827,3;871,99;848,56;852,3;;;;;;
1838,5;-1837,2;-1828,9;873,47;852,44;853,86;;;;;;
1841,5;-1838,7;-1831,6;875,85;856,21;855,67;;;;;;
1845,7;-1841;-1833,7;877,99;858,13;856,97;;;;;;
1847,3;-1842,9;-1834,7;879,42;857,77;857,79;;;;;;
1846,5;-1844,1;-1836,2;881,29;855,5;859,24;;;;;;
1850,4;-1845,7;-1838,6;883,29;851,46;861;;;;;;
1852,1;-1849,1;-1839,6;885,65;847,91;862,8;;;;;;
1852,2;-1849,5;-1839,6;887,54;845,73;865,85;;;;;;
1853,2;-1852,6;-1841,9;888,99;845,89;866,94;;;;;;
1856,1;-1853,8;-1846,2;892,6;849,99;869,05;;;;;;
1856,5;-1857,1;-1847,8;893,44;857,1;872,15;;;;;;
1859,3;-1859,9;-1849,9;894,56;865,58;873,46;;;;;;
1860,2;-1861;-1850,3;895,74;874,03;875,13;;;;;;
1864,4;-1863,9;-1852,8;896,99;881,97;877,68;;;;;;
1867,7;-1866,2;-1854,5;898,93;885,3;879,45;;;;;;
1869,5;-1868,1;-1858,9;900,99;885,67;881,54;;;;;;
1871,1;-1870,2;-1861,3;902,34;883,4;884,36;;;;;;
1872,8;-1871,9;-1863,5;903,89;879,93;885,31;;;;;;
1876,1;-1873,1;-1864,7;907,07;876,24;887,12;;;;;;
1877,6;-1876,5;-1867,3;909,27;873,17;888,59;;;;;;
1880,4;-1876,9;-1869,5;910,79;873,64;890,07;;;;;;
1882,2;-1878,5;-1870,4;912,32;875,89;891,48;;;;;;
1883,8;-1879,3;-1872,6;913,17;878,65;893,08;;;;;;
1887,3;-1881,4;-1874,1;916,44;883,21;894,76;;;;;;
1886,8;-1883,3;-1875,3;917,53;887,43;896,46;;;;;;
1889,6;-1886,5;-1876,6;920,56;890,54;899,17;;;;;;
1891;-1887,7;-1879;922,89;894,08;901,93;;;;;;
1892,6;-1890,5;-1882,3;925,14;896,29;904,5;;;;;;
1895,6;-1893,2;-1884,2;926,55;899,95;907,66;;;;;;
1894,5;-1894,1;-1886,4;928,71;904,27;909,3;;;;;;
1898,1;-1896,8;-1888,2;930,39;908,39;910,61;;;;;;
1900,8;-1898,9;-1888,2;933,33;911,42;912,35;;;;;;
1902,7;-1902,2;-1892,5;933,73;913,48;913,26;;;;;;
1904,7;-1904,2;-1894,3;936,38;913,94;914,92;;;;;;
1908,2;-1905,5;-1892,9;938,17;911,31;916,34;;;;;;
1910,2;-1907,2;-1899,4;940,39;908;918,41;;;;;;
1911;-1909,1;-1899,6;942,81;904,11;919,99;;;;;;
1913;-1911,2;-1902,9;944,49;901,21;921,92;;;;;;
1916;-1914,7;-1905,9;945,52;902,44;924,4;;;;;;
1916,1;-1916,3;-1905,8;947,7;906,37;926,5;;;;;;
1918,5;-1918;-1906,7;948,81;913,06;929,47;;;;;;
1921,9;-1918,6;-1910;951,14;922,31;930,8;;;;;;
1924,7;-1920,1;-1909,8;952,19;930,88;932,36;;;;;;
1927,6;-1922,1;-1913,1;953,89;938,49;935,78;;;;;;
1929,7;-1922,9;-1915,3;955,63;941,99;936,82;;;;;;
1928,8;-1926,6;-1917,8;957,99;942,98;939,19;;;;;;
1929,8;-1928,4;-1917,1;960,08;940,17;941,12;;;;;;
1932,5;-1930,8;-1922,7;962,28;936,38;943,72;;;;;;
1933,4;-1931,7;-1924,5;963,83;933,19;945,04;;;;;;
1936,6;-1933,5;-1927;966,49;930,1;946,32;;;;;;
1937,2;-1935,9;-1928,5;968,4;930,57;948,44;;;;;;
1938,1;-1939,1;-1931,9;970,5;932,55;949,01;;;;;;
1940,9;-1941,6;-1932,9;972,25;935,77;950,52;;;;;;
1944,3;-1944,2;-1934,9;974,19;939,85;953,01;;;;;;
1946,7;-1945,8;-1934,1;976,03;944,43;954,49;;;;;;
1951,1;-1947,3;-1938,2;978,38;947,45;957,05;;;;;;
1950,3;-1950,4;-1939;980,4;950,91;959,93;;;;;;
1952,2;-1951,5;-1942,8;983,29;953,79;962,61;;;;;;
1956,2;-1953,6;-1943,6;985,65;957,76;964,99;;;;;;
1956,8;-1954,7;-1945,4;987,53;961,92;967,02;;;;;;
1959,9;-1957,7;-1948,1;989,43;965,2;969,28;;;;;;
1962,1;-1960,1;-1949,5;992,15;968,79;971,04;;;;;;
1964,1;-1960,8;-1951,2;992,78;971,26;971,83;;;;;;
1963,6;-1962,6;-1954;993,91;971,38;973,45;;;;;;
1969,5;-1963,9;-1953,7;996,81;968,99;975,51;;;;;;
1970,1;-1965,2;-1957,7;998,27;965,23;976,65;;;;;;
1971,1;-1968,7;-1960;999,44;962,15;979,72;;;;;;
1973,8;-1969,3;-1963,5;1002,3;959,85;981,18;;;;;;
1974,3;-1971,9;-1965,4;1004,1;959,63;983,29;;;;;;
1973,3;-1974,4;-1967,5;1006;964,01;985,24;;;;;;
1979;-1977,4;-1968,3;1007,1;970,77;988,19;;;;;;
1980,7;-1979,2;-1970,6;1008,8;980,28;989,89;;;;;;
1981,3;-1981,2;-1972,6;1011;989,44;992,24;;;;;;
1985;-1982,9;-1972,9;1012,2;996,24;994,21;;;;;;
1986;-1987;-1976,4;1015,3;1000;996,18;;;;;;
1989,5;-1988,4;-1971,8;1015,9;1001,4;998,35;;;;;;
1990,9;-1991;-1979,7;1019,1;998,27;1000,6;;;;;;
1994,1;-1992,5;-1981,4;1022,4;994,82;1002,7;;;;;;
1995,8;-1994,1;-1984,1;1024;991,63;1004,1;;;;;;
1998,3;-1994,6;-1984,5;1025,7;989,05;1007,1;;;;;;
1999,9;-1997,1;-1988,2;1028,3;989,56;1007,6;;;;;;
